primary_cuisine,restaurant_count,total_votes,avg_rating,avg_cost_usd,cuisine_est_revenue_usd
North Indian,2992,356684,2.4,7.8,3096737.1
Chinese,855,84918,2.33,8.78,824755.77
Fast Food,672,42617,2.35,4.35,164602.75
Bakery,621,42008,2.33,4.45,142969.61
Cafe,617,116576,3.23,9.24,725563.14
American,278,105447,3.56,23.38,1633795.17
South Indian,262,34373,2.51,4.96,142456.05
Mithai,246,5686,1.83,2.26,10165.8
Street Food,236,17383,2.27,2.47,36423.14
Continental,235,94569,3.61,17.32,1059180.22
Italian,234,95153,3.45,19.21,1089429.08
Pizza,232,36415,2.73,9.15,271681.59
Mughlai,215,27865,1.99,7.16,184133.7
Ice Cream,178,10938,2.45,3.55,24865.2
Desserts,150,20711,3.03,4.9,129568.93
Burger,116,30113,3.43,11.01,245538.67
Biryani,112,9835,2.09,5.54,63729.0
Raw Meats,110,1841,2.15,4.13,4559.1
Beverages,79,3891,2.54,4.37,10306.8
Finger Food,78,24552,3.12,24.09,304519.6
Asian,77,26240,3.68,24.46,388560.7
Japanese,72,15622,3.77,32.0,285616.65
Mexican,62,22085,3.73,14.0,240347.78
European,62,45842,3.89,37.81,741199.33
Healthy Food,56,5590,3.21,6.74,31112.3
Indian,51,17376,4.1,39.0,430629.85
Seafood,49,19742,3.97,40.52,425150.4
Thai,29,5262,3.96,29.89,91350.03
Mediterranean,28,15511,3.84,26.71,236997.72
Lebanese,25,4190,3.2,11.4,39283.2
Breakfast,24,10490,3.93,19.88,129319.5
Tibetan,22,2232,1.73,5.7,11677.8
Brazilian,22,3160,3.59,23.38,129481.45
Bengali,18,5541,3.0,8.97,51676.2
BBQ,18,6172,4.12,22.44,75248.0
Tea,17,760,1.54,5.79,2572.8
Modern Indian,14,14350,4.31,24.69,195963.0
Kerala,14,3193,3.16,6.21,14027.1
French,14,2464,4.18,157.86,118443.0
Sushi,13,1621,3.94,21.47,24748.77
Steak,13,2569,4.11,41.68,53159.5
Kashmiri,13,1734,2.92,8.26,12265.5
International,13,6487,4.29,54.64,125418.15
Juices,12,523,2.56,4.16,2239.47
British,12,3051,4.17,55.03,76513.2
Kebab,10,1536,4.38,2.09,1669.96
Hyderabadi,10,1521,3.19,8.7,11599.5
Goan,10,4497,3.87,14.79,45171.0
Unknown / Multi-Cuisine,9,2726,3.87,16.67,35260.0
Korean,9,1322,3.64,23.0,20772.8
Coffee and Tea,9,1306,3.67,14.67,9991.5
Bar Food,9,2004,3.52,18.02,15721.37
Pakistani,8,1876,4.0,29.24,32149.95
Turkish,7,1366,3.17,13.49,5312.68
Latin American,7,3845,4.1,37.14,61417.5
Gujarati,7,2880,3.64,7.29,17597.7
Afghani,7,44,0.41,6.77,206.4
Rajasthani,6,2463,3.23,9.8,21082.8
Parsi,6,6164,4.05,14.2,51442.2
Naga,6,327,3.38,7.3,2174.1
Malaysian,6,1055,3.98,35.82,21833.4
Maharashtrian,6,455,3.53,3.9,698.4
Lucknowi,6,394,2.08,6.1,2127.0
Greek,6,1594,3.42,17.73,11663.4
Filipino,6,2727,4.62,64.93,91621.7
Southern,5,3005,3.9,25.0,39655.0
Sandwich,5,2736,4.3,28.0,43507.5
Portuguese,5,4102,3.1,14.88,42960.0
North Eastern,5,295,2.04,8.64,2121.3
Hawaiian,5,5749,4.48,53.0,160382.5
Awadhi,5,90,0.76,6.24,631.2
Arabian,5,636,3.48,10.32,4357.2
Spanish,4,3022,4.13,34.7,56069.5
Restaurant Cafe,4,3158,4.03,2.58,4124.47
Nepalese,4,62,1.0,4.95,418.5
German,4,2239,4.1,28.75,40565.0
Contemporary,4,1422,4.17,42.38,26682.75
Caribbean,4,2481,3.97,37.5,50492.5
Burmese,4,940,3.75,20.4,16056.0
Bihari,4,566,3.58,6.9,3367.2
World Cuisine,3,1244,4.5,3.24,1937.17
Vietnamese,3,449,4.13,15.33,3000.0
Sunda,3,5514,4.9,13.0,35841.0
Modern Australian,3,376,3.4,56.67,6255.0
Middle Eastern,3,488,3.67,14.84,5001.48
Assamese,3,265,2.1,5.2,896.4
Andhra,3,417,3.5,5.96,1242.66
Western,2,291,3.7,38.13,3064.38
Tapas,2,696,4.4,31.75,10009.5
Taiwanese,2,384,4.65,25.0,4955.0
South American,2,145,3.5,45.0,4140.0
Singaporean,2,58,3.05,45.0,1365.0
Salad,2,68,3.6,5.4,283.2
Oriya,2,308,3.25,6.3,1522.8
New American,2,1437,4.1,40.0,28740.0
Grill,2,688,4.2,17.88,6503.75
Drinks Only,2,45,1.75,33.6,945.0
Asian Fusion,2,147,3.85,48.0,3453.0
African,2,638,4.45,33.98,13212.68
Turkish Pizza,1,103,4.3,1.45,74.68
Tex-Mex,1,911,4.0,21.6,14752.8
Sri Lankan,1,114,4.0,8.25,470.25
Scottish,1,163,4.7,45.0,3667.5
Ramen,1,418,4.6,40.0,8360.0
Pub Food,1,1998,4.4,40.0,39960.0
Peruvian,1,5,3.6,18.0,45.0
Persian,1,177,4.6,14.4,1274.4
Peranakan,1,1159,4.0,16.25,9416.88
Patisserie,1,115,3.4,1.45,83.38
Malwani,1,77,3.5,4.8,184.8
Kiwi,1,271,4.2,54.0,7317.0
Irish,1,782,4.3,50.0,19550.0
Indonesian,1,155,3.7,19.5,1511.25
Gourmet Fast Food,1,68,4.3,21.6,734.4
Cuisine Varies,1,2,0.0,6.0,6.0
Cuban,1,1746,4.4,40.0,34920.0
Charcoal Grill,1,635,4.4,10.8,3429.0
Cajun,1,1412,4.7,25.0,17650.0
Australian,1,87,4.1,20.0,870.0
Argentine,1,602,4.5,80.0,24080.0
